{
    "AS_Button_ffba16b1cef8475b893bd61e0d99dfc4": {
        "id": "AS_Button_ffba16b1cef8475b893bd61e0d99dfc4",
        "type": "ACTION_SEQUENCE",
        "params": [{
            "datatype": "collection",
            "name": "eventobject"
        }],
        "contextObj": {
            "name": "frmCaptureSignature",
            "type": "forms",
            "platform": "",
            "KUID": "f6e32121d21d402bba10952410e81543"
        },
        "language": "js",
        "actions": [{
            "id": "INVOKE_FUNCTION__hbca289fd7404d19b770b638658b13ea",
            "type": "INVOKE_FUNCTION",
            "sequenceKUID": "displayTheCapturedSignature",
            "display": "displayTheCapturedSignature",
            "inputparams": [],
            "parentId": null,
            "callbackType": null,
            "disabled": null,
            "source": "controller"
        }]
    }
}