{
    "@class": "com.kony.gen.viz.model.component.KVizBrowser",
    "DNDConfig": null,
    "_height_": {
        "type": "string",
        "value": "50%"
    },
    "_left_": {
        "type": "string",
        "value": "0dp"
    },
    "_margin_": [
        0,
        0,
        0,
        0
    ],
    "_padding_": [
        0,
        0,
        0,
        0
    ],
    "_top_": {
        "type": "string",
        "value": "0dp"
    },
    "_type_": 5,
    "_width_": {
        "type": "string",
        "value": "100%"
    },
    "androidwearos": {
        "render": false
    },
    "canUpdateUI": true,
    "containerweight": 69,
    "detecttelnumber": true,
    "enablenativecommunication": true,
    "htmlstring": "Browser",
    "id": "browserCaptureSignature",
    "info": null,
    "iscustomlayout": false,
    "isvisible": true,
    "kuid": "ada324818bad46d5999d7b8f229cac93",
    "localurl": "w2b44dc47a0c4ecca1eb43e0b5a0ad4a",
    "margininpixel": false,
    "method": "get",
    "name": "kony.ui.Browser",
    "paddinginpixel": false,
    "parent": "frmCaptureSignature",
    "pf": "frmCaptureSignature",
    "requesturlconfig": {
        "URL": "",
        "requestMethod": "get"
    },
    "retaincontentalignment": false,
    "retainflexpositionproperties": false,
    "screenlevelwidget": false,
    "url": "",
    "wType": "Browser",
    "zindex": 1
}