{
    "@class": "com.kony.gen.viz.model.component.KVizBrowser",
    "DNDConfig": null,
    "_height_": {
        "type": "string",
        "value": "30%"
    },
    "_left_": {
        "type": "string",
        "value": "0dp"
    },
    "_margin_": [
        0,
        0,
        0,
        0
    ],
    "_padding_": [
        0,
        0,
        0,
        0
    ],
    "_top_": {
        "type": "string",
        "value": "70%"
    },
    "_type_": 3,
    "_width_": {
        "type": "string",
        "value": "100%"
    },
    "androidwearos": {
        "render": false
    },
    "canUpdateUI": true,
    "containerweight": 69,
    "detecttelnumber": true,
    "htmlstring": "Browser",
    "id": "browserDisplayCapturedSigature",
    "info": null,
    "iscustomlayout": false,
    "isvisible": true,
    "kuid": "jee23eafb5a74296a8e7247c211195a7",
    "margininpixel": false,
    "method": "get",
    "name": "kony.ui.Browser",
    "paddinginpixel": false,
    "parent": "frmCaptureSignature",
    "pf": "frmCaptureSignature",
    "requesturlconfig": {
        "URL": "",
        "requestMethod": "get"
    },
    "retaincontentalignment": false,
    "retainflexpositionproperties": false,
    "screenlevelwidget": false,
    "url": "",
    "wType": "Browser",
    "zindex": 1
}