{
    "@class": "com.kony.gen.viz.model.component.KVizButton",
    "DNDConfig": null,
    "_height_": {
        "type": "string",
        "value": "50dp"
    },
    "_left_": {
        "type": "string",
        "value": "47dp"
    },
    "_margin_": [
        6,
        6,
        6,
        6
    ],
    "_padding_": [
        0,
        0,
        0,
        0
    ],
    "_skin_": "s713696edb0447ec87eefd00ebcc018d",
    "_text_": "Show Captured Signature",
    "_top_": {
        "type": "string",
        "value": "55%"
    },
    "_width_": {
        "type": "string",
        "value": "300dp"
    },
    "canUpdateUI": true,
    "centerx": {
        "type": "string",
        "value": "50%"
    },
    "containerweight": 100,
    "contentalignment": 5,
    "displaytext": true,
    "focusskin": "s035da13c1404932a4fc25d8fdc3db86",
    "id": "btnShowCapturedSignature",
    "ide_onClick": "AS_Button_ffba16b1cef8475b893bd61e0d99dfc4",
    "info": null,
    "iscustomlayout": false,
    "isvisible": true,
    "kuid": "c4f00b26c6094f4e8950b69f7a98aa71",
    "name": "kony.ui.Button",
    "parent": "frmCaptureSignature",
    "pf": "frmCaptureSignature",
    "retaincontentalignment": false,
    "retainflexpositionproperties": false,
    "wType": "Button",
    "zindex": 1
}