{
    "@class": "com.kony.gen.viz.model.component.KVizLabel",
    "DNDConfig": null,
    "__parentReadjusting__": false,
    "_height_": {
        "type": "ref",
        "value": "preferred"
    },
    "_left_": {
        "type": "string",
        "value": "4%"
    },
    "_margin_": [
        1,
        1,
        1,
        1
    ],
    "_padding_": [
        0,
        0,
        0,
        0
    ],
    "_skin_": "s6985140d2264d81bc4c3812ab7dc2d1",
    "_text_": "Heading",
    "_top_": {
        "type": "string",
        "value": "8.00%"
    },
    "_width_": {
        "type": "string",
        "value": "45%"
    },
    "_wrapping_": 2,
    "android": {
        "textStyle": {
            "letterSpacing": 0,
            "strikeThrough": false
        }
    },
    "canUpdateUI": true,
    "containerId": true,
    "containerweight": 100,
    "contentalignment": 4,
    "id": "lblHeading",
    "info": null,
    "ipad": {
        "psp": {
            "wrapping": 2
        }
    },
    "isvisible": true,
    "kuid": "b32e62f42c9e427aafa06d4bd6774b48",
    "maxwidth": {
        "type": "string",
        "value": "50%"
    },
    "name": "kony.ui.Label",
    "parent": "flxSampleRowTemplate",
    "pf": "SampleRowTemplate",
    "textstyle": {},
    "tooltip": "",
    "wType": "Label",
    "zindex": 1
}